<?xml version="1.0" encoding="UTF-8" standalone="yes"?>
<office:document-content xmlns:anim="urn:oasis:names:tc:opendocument:xmlns:animation:1.0" xmlns:chart="urn:oasis:names:tc:opendocument:xmlns:chart:1.0" xmlns:config="urn:oasis:names:tc:opendocument:xmlns:config:1.0" xmlns:db="urn:oasis:names:tc:opendocument:xmlns:database:1.0" xmlns:dc="http://purl.org/dc/elements/1.1/" xmlns:dr3d="urn:oasis:names:tc:opendocument:xmlns:dr3d:1.0" xmlns:draw="urn:oasis:names:tc:opendocument:xmlns:drawing:1.0" xmlns:fo="urn:oasis:names:tc:opendocument:xmlns:xsl-fo-compatible:1.0" xmlns:form="urn:oasis:names:tc:opendocument:xmlns:form:1.0" xmlns:grddl="http://www.w3.org/2003/g/data-view#" xmlns:math="http://www.w3.org/1998/Math/MathML" xmlns:meta="urn:oasis:names:tc:opendocument:xmlns:meta:1.0" xmlns:number="urn:oasis:names:tc:opendocument:xmlns:datastyle:1.0" xmlns:office="urn:oasis:names:tc:opendocument:xmlns:office:1.0" xmlns:presentation="urn:oasis:names:tc:opendocument:xmlns:presentation:1.0" xmlns:script="urn:oasis:names:tc:opendocument:xmlns:script:1.0" xmlns:smil="urn:oasis:names:tc:opendocument:xmlns:smil-compatible:1.0" xmlns:style="urn:oasis:names:tc:opendocument:xmlns:style:1.0" xmlns:svg="urn:oasis:names:tc:opendocument:xmlns:svg-compatible:1.0" xmlns:table="urn:oasis:names:tc:opendocument:xmlns:table:1.0" xmlns:text="urn:oasis:names:tc:opendocument:xmlns:text:1.0" xmlns:xforms="http://www.w3.org/2002/xforms" xmlns:xhtml="http://www.w3.org/1999/xhtml" xmlns:xlink="http://www.w3.org/1999/xlink" office:version="1.2"><office:font-face-decls><style:font-face style:name="Calibri" svg:font-family="Calibri" style:font-family-generic="swiss" style:font-pitch="variable" svg:panose-1="2 15 5 2 2 2 4 3 2 4"/><style:font-face style:name="Times New Roman" svg:font-family="Times New Roman" style:font-family-generic="roman" style:font-pitch="variable" svg:panose-1="2 2 6 3 5 4 5 2 3 4"/><style:font-face style:name="Calibri Light" svg:font-family="Calibri Light" style:font-family-generic="swiss" style:font-pitch="variable" svg:panose-1="2 15 3 2 2 2 4 3 2 4"/></office:font-face-decls><office:automatic-styles><style:style style:name="P1" style:parent-style-name="Titre1" style:master-page-name="MP0" style:family="paragraph"><style:paragraph-properties fo:break-before="page"/></style:style><style:style style:family="graphic" style:name="a0" style:parent-style-name="Graphics"><style:graphic-properties fo:border="0.01042in none" fo:background-color="transparent" fo:clip="rect(0in, 0in, 0in, 0in)"/></style:style></office:automatic-styles><office:body><office:text text:use-soft-page-breaks="true"><text:h text:style-name="P1" text:outline-level="1">DEMAT Breizh<draw:frame draw:style-name="a0" draw:name="Image 1" text:anchor-type="as-char" svg:x="0in" svg:y="0in" svg:width="6.3in" svg:height="4.71667in" style:rel-width="scale" style:rel-height="scale"><draw:image xlink:href="media/image1.jpeg" xlink:type="simple" xlink:show="embed" xlink:actuate="onLoad"/><svg:title/><svg:desc/></draw:frame></text:h></office:text></office:body></office:document-content>